,date,Hour,Minute,Temp(C),Temp(F),Vibrations
0,14-10-2020 00:00,0,0,22,98.6,39
1,14-10-2020 00:01,0,1,36,95,34
2,14-10-2020 00:02,0,2,30,75.2,22
3,14-10-2020 00:03,0,3,21,78.8,32
4,14-10-2020 00:04,0,4,24,102.2,21
5,14-10-2020 00:05,0,5,40,68,49
6,14-10-2020 00:06,0,6,27,82.4,20
7,14-10-2020 00:07,0,7,21,82.4,32
8,14-10-2020 00:08,0,8,38,73.4,23
9,14-10-2020 00:09,0,9,24,87.8,31
10,14-10-2020 00:10,0,10,28,80.6,47
11,14-10-2020 00:11,0,11,35,84.2,30
12,14-10-2020 00:12,0,12,33,96.8,24
13,14-10-2020 00:13,0,13,34,91.4,35
14,14-10-2020 00:14,0,14,25,80.6,33
15,14-10-2020 00:15,0,15,24,77,41
16,14-10-2020 00:16,0,16,38,78.8,29
17,14-10-2020 00:17,0,17,40,89.6,26
18,14-10-2020 00:18,0,18,29,86,31
19,14-10-2020 00:19,0,19,25,82.4,42
20,14-10-2020 00:20,0,20,26,89.6,49
21,14-10-2020 00:21,0,21,26,82.4,38
22,14-10-2020 00:22,0,22,34,100.4,20
23,14-10-2020 00:23,0,23,26,104,38
24,14-10-2020 00:24,0,24,34,96.8,32
25,14-10-2020 00:25,0,25,40,104,45
26,14-10-2020 00:26,0,26,28,77,48
27,14-10-2020 00:27,0,27,31,87.8,46
28,14-10-2020 00:28,0,28,21,96.8,27
29,14-10-2020 00:29,0,29,21,71.6,30
30,14-10-2020 00:30,0,30,34,100.4,42
31,14-10-2020 00:31,0,31,31,102.2,43
32,14-10-2020 00:32,0,32,25,78.8,30
33,14-10-2020 00:33,0,33,29,100.4,30
34,14-10-2020 00:34,0,34,29,95,39
35,14-10-2020 00:35,0,35,37,96.8,29
36,14-10-2020 00:36,0,36,30,95,37
37,14-10-2020 00:37,0,37,27,71.6,27
38,14-10-2020 00:38,0,38,39,95,47
39,14-10-2020 00:39,0,39,37,95,45
40,14-10-2020 00:40,0,40,25,104,32
41,14-10-2020 00:41,0,41,38,89.6,26
42,14-10-2020 00:42,0,42,39,84.2,25
43,14-10-2020 00:43,0,43,40,73.4,24
44,14-10-2020 00:44,0,44,28,87.8,37
45,14-10-2020 00:45,0,45,28,104,24
46,14-10-2020 00:46,0,46,34,104,49
47,14-10-2020 00:47,0,47,28,95,29
48,14-10-2020 00:48,0,48,26,87.8,32
49,14-10-2020 00:49,0,49,32,75.2,33
50,14-10-2020 00:50,0,50,27,82.4,20
51,14-10-2020 00:51,0,51,31,73.4,31
52,14-10-2020 00:52,0,52,23,89.6,44
53,14-10-2020 00:53,0,53,26,104,37
54,14-10-2020 00:54,0,54,20,68,26
55,14-10-2020 00:55,0,55,26,87.8,46
56,14-10-2020 00:56,0,56,26,95,38
57,14-10-2020 00:57,0,57,29,98.6,49
58,14-10-2020 00:58,0,58,33,68,46
59,14-10-2020 00:59,0,59,31,69.8,25
60,14-10-2020 01:00,1,0,37,102.2,40
61,14-10-2020 01:01,1,1,30,78.8,31
62,14-10-2020 01:02,1,2,29,80.6,44
63,14-10-2020 01:03,1,3,38,71.6,49
64,14-10-2020 01:04,1,4,32,87.8,43
65,14-10-2020 01:05,1,5,25,98.6,20
66,14-10-2020 01:06,1,6,31,104,27
67,14-10-2020 01:07,1,7,24,69.8,23
68,14-10-2020 01:08,1,8,40,98.6,41
69,14-10-2020 01:09,1,9,39,69.8,35
70,14-10-2020 01:10,1,10,32,69.8,45
71,14-10-2020 01:11,1,11,23,93.2,34
72,14-10-2020 01:12,1,12,40,69.8,48
73,14-10-2020 01:13,1,13,24,104,42
74,14-10-2020 01:14,1,14,28,78.8,28
75,14-10-2020 01:15,1,15,38,69.8,22
76,14-10-2020 01:16,1,16,20,98.6,32
77,14-10-2020 01:17,1,17,25,98.6,24
78,14-10-2020 01:18,1,18,31,71.6,47
79,14-10-2020 01:19,1,19,31,91.4,32
80,14-10-2020 01:20,1,20,24,93.2,49
81,14-10-2020 01:21,1,21,28,80.6,48
82,14-10-2020 01:22,1,22,25,84.2,40
83,14-10-2020 01:23,1,23,22,77,21
84,14-10-2020 01:24,1,24,35,84.2,32
85,14-10-2020 01:25,1,25,35,80.6,46
86,14-10-2020 01:26,1,26,23,80.6,31
87,14-10-2020 01:27,1,27,27,82.4,45
88,14-10-2020 01:28,1,28,27,84.2,23
89,14-10-2020 01:29,1,29,27,69.8,39
90,14-10-2020 01:30,1,30,27,73.4,33
91,14-10-2020 01:31,1,31,30,96.8,25
92,14-10-2020 01:32,1,32,32,68,36
93,14-10-2020 01:33,1,33,28,84.2,20
94,14-10-2020 01:34,1,34,30,98.6,38
95,14-10-2020 01:35,1,35,35,73.4,30
96,14-10-2020 01:36,1,36,40,80.6,31
97,14-10-2020 01:37,1,37,23,95,26
98,14-10-2020 01:38,1,38,20,96.8,20
99,14-10-2020 01:39,1,39,39,68,49
100,14-10-2020 01:40,1,40,24,96.8,48
101,14-10-2020 01:41,1,41,22,102.2,46
102,14-10-2020 01:42,1,42,39,100.4,47
103,14-10-2020 01:43,1,43,31,96.8,35
104,14-10-2020 01:44,1,44,25,86,33
105,14-10-2020 01:45,1,45,22,86,25
106,14-10-2020 01:46,1,46,23,91.4,21
107,14-10-2020 01:47,1,47,38,68,47
108,14-10-2020 01:48,1,48,34,95,34
109,14-10-2020 01:49,1,49,36,80.6,26
110,14-10-2020 01:50,1,50,38,86,49
111,14-10-2020 01:51,1,51,24,87.8,40
112,14-10-2020 01:52,1,52,40,82.4,32
113,14-10-2020 01:53,1,53,26,89.6,28
114,14-10-2020 01:54,1,54,27,68,27
115,14-10-2020 01:55,1,55,25,80.6,39
116,14-10-2020 01:56,1,56,37,98.6,39
117,14-10-2020 01:57,1,57,37,82.4,25
118,14-10-2020 01:58,1,58,35,68,23
119,14-10-2020 01:59,1,59,34,71.6,29
120,14-10-2020 02:00,2,0,26,77,31
121,14-10-2020 02:01,2,1,32,78.8,45
122,14-10-2020 02:02,2,2,26,69.8,32
123,14-10-2020 02:03,2,3,33,75.2,38
124,14-10-2020 02:04,2,4,23,77,29
125,14-10-2020 02:05,2,5,34,73.4,31
126,14-10-2020 02:06,2,6,35,71.6,41
127,14-10-2020 02:07,2,7,33,89.6,43
128,14-10-2020 02:08,2,8,38,87.8,34
129,14-10-2020 02:09,2,9,35,77,42
130,14-10-2020 02:10,2,10,22,96.8,23
131,14-10-2020 02:11,2,11,35,82.4,38
132,14-10-2020 02:12,2,12,20,75.2,41
133,14-10-2020 02:13,2,13,40,78.8,29
134,14-10-2020 02:14,2,14,35,93.2,26
135,14-10-2020 02:15,2,15,31,69.8,27
136,14-10-2020 02:16,2,16,39,87.8,21
137,14-10-2020 02:17,2,17,40,102.2,41
138,14-10-2020 02:18,2,18,37,75.2,23
139,14-10-2020 02:19,2,19,20,82.4,39
140,14-10-2020 02:20,2,20,30,78.8,33
141,14-10-2020 02:21,2,21,29,91.4,49
142,14-10-2020 02:22,2,22,29,75.2,26
143,14-10-2020 02:23,2,23,32,91.4,40
144,14-10-2020 02:24,2,24,40,96.8,35
145,14-10-2020 02:25,2,25,24,100.4,37
146,14-10-2020 02:26,2,26,28,82.4,48
147,14-10-2020 02:27,2,27,23,68,27
148,14-10-2020 02:28,2,28,26,95,20
149,14-10-2020 02:29,2,29,40,87.8,28
150,14-10-2020 02:30,2,30,35,68,25
151,14-10-2020 02:31,2,31,25,84.2,26
152,14-10-2020 02:32,2,32,25,77,37
153,14-10-2020 02:33,2,33,36,73.4,26
154,14-10-2020 02:34,2,34,37,71.6,44
155,14-10-2020 02:35,2,35,23,68,21
156,14-10-2020 02:36,2,36,26,89.6,29
157,14-10-2020 02:37,2,37,29,78.8,27
158,14-10-2020 02:38,2,38,21,69.8,23
159,14-10-2020 02:39,2,39,30,84.2,42
160,14-10-2020 02:40,2,40,34,86,47
161,14-10-2020 02:41,2,41,20,82.4,20
162,14-10-2020 02:42,2,42,21,73.4,21
163,14-10-2020 02:43,2,43,32,68,22
164,14-10-2020 02:44,2,44,29,102.2,33
165,14-10-2020 02:45,2,45,26,95,30
166,14-10-2020 02:46,2,46,30,86,26
167,14-10-2020 02:47,2,47,30,73.4,34
168,14-10-2020 02:48,2,48,29,86,35
169,14-10-2020 02:49,2,49,30,69.8,38
170,14-10-2020 02:50,2,50,40,86,27
171,14-10-2020 02:51,2,51,25,98.6,44
172,14-10-2020 02:52,2,52,24,91.4,43
173,14-10-2020 02:53,2,53,33,71.6,41
174,14-10-2020 02:54,2,54,28,104,26
175,14-10-2020 02:55,2,55,31,84.2,48
176,14-10-2020 02:56,2,56,32,95,31
177,14-10-2020 02:57,2,57,35,93.2,32
178,14-10-2020 02:58,2,58,38,84.2,49
179,14-10-2020 02:59,2,59,26,95,26
180,14-10-2020 03:00,3,0,24,102.2,29
181,14-10-2020 03:01,3,1,32,86,47
182,14-10-2020 03:02,3,2,30,87.8,39
183,14-10-2020 03:03,3,3,27,93.2,43
184,14-10-2020 03:04,3,4,27,77,33
185,14-10-2020 03:05,3,5,21,91.4,29
186,14-10-2020 03:06,3,6,35,68,45
187,14-10-2020 03:07,3,7,27,68,48
188,14-10-2020 03:08,3,8,36,93.2,31
189,14-10-2020 03:09,3,9,27,82.4,28
190,14-10-2020 03:10,3,10,40,73.4,35
191,14-10-2020 03:11,3,11,25,87.8,41
192,14-10-2020 03:12,3,12,33,84.2,41
193,14-10-2020 03:13,3,13,22,95,41
194,14-10-2020 03:14,3,14,31,69.8,32
195,14-10-2020 03:15,3,15,36,80.6,34
196,14-10-2020 03:16,3,16,36,69.8,32
197,14-10-2020 03:17,3,17,30,91.4,30
198,14-10-2020 03:18,3,18,26,95,21
199,14-10-2020 03:19,3,19,23,102.2,23
200,14-10-2020 03:20,3,20,31,86,34
201,14-10-2020 03:21,3,21,39,102.2,31
202,14-10-2020 03:22,3,22,25,68,26
203,14-10-2020 03:23,3,23,32,71.6,46
204,14-10-2020 03:24,3,24,22,87.8,24
205,14-10-2020 03:25,3,25,27,100.4,22
206,14-10-2020 03:26,3,26,29,68,33
207,14-10-2020 03:27,3,27,20,100.4,31
208,14-10-2020 03:28,3,28,27,89.6,26
209,14-10-2020 03:29,3,29,31,82.4,45
210,14-10-2020 03:30,3,30,26,104,29
211,14-10-2020 03:31,3,31,30,95,39
212,14-10-2020 03:32,3,32,29,77,28
213,14-10-2020 03:33,3,33,35,80.6,37
214,14-10-2020 03:34,3,34,30,68,48
215,14-10-2020 03:35,3,35,20,80.6,39
216,14-10-2020 03:36,3,36,37,98.6,25
217,14-10-2020 03:37,3,37,33,73.4,22
218,14-10-2020 03:38,3,38,32,82.4,38
219,14-10-2020 03:39,3,39,39,91.4,31
220,14-10-2020 03:40,3,40,29,102.2,26
221,14-10-2020 03:41,3,41,30,71.6,39
222,14-10-2020 03:42,3,42,34,96.8,35
223,14-10-2020 03:43,3,43,20,100.4,31
224,14-10-2020 03:44,3,44,27,102.2,34
225,14-10-2020 03:45,3,45,39,102.2,49
226,14-10-2020 03:46,3,46,34,84.2,35
227,14-10-2020 03:47,3,47,28,71.6,31
228,14-10-2020 03:48,3,48,22,71.6,31
229,14-10-2020 03:49,3,49,30,93.2,27
230,14-10-2020 03:50,3,50,37,89.6,37
231,14-10-2020 03:51,3,51,27,71.6,29
232,14-10-2020 03:52,3,52,30,73.4,43
233,14-10-2020 03:53,3,53,25,91.4,27
234,14-10-2020 03:54,3,54,21,87.8,32
235,14-10-2020 03:55,3,55,26,71.6,47
236,14-10-2020 03:56,3,56,20,78.8,38
237,14-10-2020 03:57,3,57,26,69.8,41
238,14-10-2020 03:58,3,58,33,87.8,40
239,14-10-2020 03:59,3,59,31,104,30
240,14-10-2020 04:00,4,0,39,68,41
241,14-10-2020 04:01,4,1,29,95,43
242,14-10-2020 04:02,4,2,21,104,42
243,14-10-2020 04:03,4,3,23,80.6,24
244,14-10-2020 04:04,4,4,33,89.6,46
245,14-10-2020 04:05,4,5,23,71.6,28
246,14-10-2020 04:06,4,6,36,102.2,35
247,14-10-2020 04:07,4,7,40,69.8,28
248,14-10-2020 04:08,4,8,34,100.4,49
249,14-10-2020 04:09,4,9,25,95,35
250,14-10-2020 04:10,4,10,37,73.4,44
251,14-10-2020 04:11,4,11,33,84.2,40
252,14-10-2020 04:12,4,12,21,75.2,43
253,14-10-2020 04:13,4,13,24,78.8,44
254,14-10-2020 04:14,4,14,22,93.2,26
255,14-10-2020 04:15,4,15,35,77,45
256,14-10-2020 04:16,4,16,24,75.2,48
257,14-10-2020 04:17,4,17,34,104,34
258,14-10-2020 04:18,4,18,21,69.8,21
259,14-10-2020 04:19,4,19,36,95,34
260,14-10-2020 04:20,4,20,34,78.8,46
261,14-10-2020 04:21,4,21,37,77,43
262,14-10-2020 04:22,4,22,36,73.4,40
263,14-10-2020 04:23,4,23,27,100.4,43
264,14-10-2020 04:24,4,24,32,68,47
265,14-10-2020 04:25,4,25,35,77,21
266,14-10-2020 04:26,4,26,22,69.8,29
267,14-10-2020 04:27,4,27,23,96.8,30
268,14-10-2020 04:28,4,28,31,77,41
269,14-10-2020 04:29,4,29,26,104,25
270,14-10-2020 04:30,4,30,36,82.4,36
271,14-10-2020 04:31,4,31,32,82.4,35
272,14-10-2020 04:32,4,32,38,100.4,22
273,14-10-2020 04:33,4,33,30,100.4,27
274,14-10-2020 04:34,4,34,24,87.8,20
275,14-10-2020 04:35,4,35,25,93.2,24
276,14-10-2020 04:36,4,36,20,98.6,45
277,14-10-2020 04:37,4,37,39,73.4,29
278,14-10-2020 04:38,4,38,30,86,27
279,14-10-2020 04:39,4,39,40,104,45
280,14-10-2020 04:40,4,40,24,82.4,30
281,14-10-2020 04:41,4,41,27,86,45
282,14-10-2020 04:42,4,42,38,91.4,43
283,14-10-2020 04:43,4,43,31,98.6,34
284,14-10-2020 04:44,4,44,21,96.8,20
285,14-10-2020 04:45,4,45,24,91.4,22
286,14-10-2020 04:46,4,46,31,80.6,49
287,14-10-2020 04:47,4,47,24,69.8,25
288,14-10-2020 04:48,4,48,21,104,44
289,14-10-2020 04:49,4,49,30,69.8,21
290,14-10-2020 04:50,4,50,33,89.6,35
291,14-10-2020 04:51,4,51,23,75.2,44
292,14-10-2020 04:52,4,52,27,93.2,46
293,14-10-2020 04:53,4,53,29,93.2,46
294,14-10-2020 04:54,4,54,38,104,24
295,14-10-2020 04:55,4,55,24,87.8,42
296,14-10-2020 04:56,4,56,24,78.8,25
297,14-10-2020 04:57,4,57,31,98.6,44
298,14-10-2020 04:58,4,58,27,77,32
299,14-10-2020 04:59,4,59,27,102.2,23
300,14-10-2020 05:00,5,0,28,100.4,24
301,14-10-2020 05:01,5,1,23,104,42
302,14-10-2020 05:02,5,2,22,87.8,24
303,14-10-2020 05:03,5,3,34,77,43
304,14-10-2020 05:04,5,4,21,93.2,32
305,14-10-2020 05:05,5,5,26,87.8,39
306,14-10-2020 05:06,5,6,20,100.4,44
307,14-10-2020 05:07,5,7,37,102.2,41
308,14-10-2020 05:08,5,8,20,87.8,34
309,14-10-2020 05:09,5,9,21,71.6,47
310,14-10-2020 05:10,5,10,33,102.2,46
311,14-10-2020 05:11,5,11,27,87.8,24
312,14-10-2020 05:12,5,12,38,75.2,24
313,14-10-2020 05:13,5,13,34,82.4,28
314,14-10-2020 05:14,5,14,21,77,28
315,14-10-2020 05:15,5,15,27,100.4,45
316,14-10-2020 05:16,5,16,22,89.6,43
317,14-10-2020 05:17,5,17,29,104,32
318,14-10-2020 05:18,5,18,33,84.2,24
319,14-10-2020 05:19,5,19,24,75.2,42
320,14-10-2020 05:20,5,20,34,71.6,23
321,14-10-2020 05:21,5,21,28,86,36
322,14-10-2020 05:22,5,22,32,68,43
323,14-10-2020 05:23,5,23,30,77,36
324,14-10-2020 05:24,5,24,31,78.8,30
325,14-10-2020 05:25,5,25,22,87.8,48
326,14-10-2020 05:26,5,26,30,73.4,26
327,14-10-2020 05:27,5,27,29,89.6,40
328,14-10-2020 05:28,5,28,24,91.4,46
329,14-10-2020 05:29,5,29,22,96.8,34
330,14-10-2020 05:30,5,30,21,71.6,48
331,14-10-2020 05:31,5,31,40,93.2,35
332,14-10-2020 05:32,5,32,24,102.2,37
333,14-10-2020 05:33,5,33,22,89.6,22
334,14-10-2020 05:34,5,34,28,100.4,39
335,14-10-2020 05:35,5,35,22,95,32
336,14-10-2020 05:36,5,36,34,95,26
337,14-10-2020 05:37,5,37,35,68,26
338,14-10-2020 05:38,5,38,22,91.4,46
339,14-10-2020 05:39,5,39,25,77,39
340,14-10-2020 05:40,5,40,40,102.2,43
341,14-10-2020 05:41,5,41,25,75.2,40
342,14-10-2020 05:42,5,42,29,96.8,28
343,14-10-2020 05:43,5,43,23,77,22
344,14-10-2020 05:44,5,44,27,102.2,40
345,14-10-2020 05:45,5,45,27,100.4,32
346,14-10-2020 05:46,5,46,21,87.8,21
347,14-10-2020 05:47,5,47,29,71.6,29
348,14-10-2020 05:48,5,48,38,95,33
349,14-10-2020 05:49,5,49,20,75.2,34
350,14-10-2020 05:50,5,50,32,95,22
351,14-10-2020 05:51,5,51,37,98.6,23
352,14-10-2020 05:52,5,52,26,71.6,20
353,14-10-2020 05:53,5,53,23,71.6,35
354,14-10-2020 05:54,5,54,33,69.8,35
355,14-10-2020 05:55,5,55,25,89.6,49
356,14-10-2020 05:56,5,56,22,77,44
357,14-10-2020 05:57,5,57,26,73.4,43
358,14-10-2020 05:58,5,58,35,96.8,44
359,14-10-2020 05:59,5,59,37,71.6,25
360,14-10-2020 06:00,6,0,30,96.8,49
361,14-10-2020 06:01,6,1,28,89.6,40
362,14-10-2020 06:02,6,2,28,78.8,20
363,14-10-2020 06:03,6,3,27,69.8,37
364,14-10-2020 06:04,6,4,26,78.8,39
365,14-10-2020 06:05,6,5,29,100.4,48
366,14-10-2020 06:06,6,6,31,71.6,25
367,14-10-2020 06:07,6,7,24,86,43
368,14-10-2020 06:08,6,8,30,86,45
369,14-10-2020 06:09,6,9,27,96.8,47
370,14-10-2020 06:10,6,10,27,96.8,41
371,14-10-2020 06:11,6,11,22,86,48
372,14-10-2020 06:12,6,12,21,71.6,26
373,14-10-2020 06:13,6,13,21,68,28
374,14-10-2020 06:14,6,14,32,77,41
375,14-10-2020 06:15,6,15,30,95,33
376,14-10-2020 06:16,6,16,27,78.8,35
377,14-10-2020 06:17,6,17,28,78.8,34
378,14-10-2020 06:18,6,18,34,80.6,36
379,14-10-2020 06:19,6,19,37,80.6,30
380,14-10-2020 06:20,6,20,22,87.8,41
381,14-10-2020 06:21,6,21,40,98.6,46
382,14-10-2020 06:22,6,22,40,84.2,37
383,14-10-2020 06:23,6,23,30,102.2,29
384,14-10-2020 06:24,6,24,25,69.8,31
385,14-10-2020 06:25,6,25,20,96.8,30
386,14-10-2020 06:26,6,26,21,68,21
387,14-10-2020 06:27,6,27,32,69.8,33
388,14-10-2020 06:28,6,28,31,93.2,41
389,14-10-2020 06:29,6,29,23,71.6,45
390,14-10-2020 06:30,6,30,39,75.2,48
391,14-10-2020 06:31,6,31,21,77,49
392,14-10-2020 06:32,6,32,37,75.2,31
393,14-10-2020 06:33,6,33,34,68,26
394,14-10-2020 06:34,6,34,39,68,24
395,14-10-2020 06:35,6,35,27,102.2,31
396,14-10-2020 06:36,6,36,38,73.4,31
397,14-10-2020 06:37,6,37,30,102.2,24
398,14-10-2020 06:38,6,38,28,73.4,42
399,14-10-2020 06:39,6,39,32,98.6,24
400,14-10-2020 06:40,6,40,27,69.8,20
401,14-10-2020 06:41,6,41,22,96.8,48
402,14-10-2020 06:42,6,42,24,89.6,44
403,14-10-2020 06:43,6,43,33,71.6,33
404,14-10-2020 06:44,6,44,24,102.2,49
405,14-10-2020 06:45,6,45,33,78.8,48
406,14-10-2020 06:46,6,46,36,93.2,45
407,14-10-2020 06:47,6,47,23,100.4,23
408,14-10-2020 06:48,6,48,26,86,47
409,14-10-2020 06:49,6,49,38,89.6,37
410,14-10-2020 06:50,6,50,32,80.6,33
411,14-10-2020 06:51,6,51,38,73.4,31
412,14-10-2020 06:52,6,52,30,75.2,27
413,14-10-2020 06:53,6,53,21,104,34
414,14-10-2020 06:54,6,54,28,68,25
415,14-10-2020 06:55,6,55,22,89.6,26
416,14-10-2020 06:56,6,56,23,86,39
417,14-10-2020 06:57,6,57,32,78.8,38
418,14-10-2020 06:58,6,58,39,71.6,27
419,14-10-2020 06:59,6,59,28,73.4,45
420,14-10-2020 07:00,7,0,29,86,34
421,14-10-2020 07:01,7,1,31,80.6,21
422,14-10-2020 07:02,7,2,36,95,45
423,14-10-2020 07:03,7,3,27,78.8,21
424,14-10-2020 07:04,7,4,33,96.8,22
425,14-10-2020 07:05,7,5,40,73.4,48
426,14-10-2020 07:06,7,6,23,68,38
427,14-10-2020 07:07,7,7,22,77,24
428,14-10-2020 07:08,7,8,26,98.6,45
429,14-10-2020 07:09,7,9,38,96.8,45
430,14-10-2020 07:10,7,10,24,77,32
431,14-10-2020 07:11,7,11,40,93.2,25
432,14-10-2020 07:12,7,12,30,98.6,47
433,14-10-2020 07:13,7,13,22,86,32
434,14-10-2020 07:14,7,14,24,84.2,30
435,14-10-2020 07:15,7,15,24,68,21
436,14-10-2020 07:16,7,16,27,86,38
437,14-10-2020 07:17,7,17,20,98.6,26
438,14-10-2020 07:18,7,18,26,80.6,30
439,14-10-2020 07:19,7,19,35,78.8,29
440,14-10-2020 07:20,7,20,26,89.6,35
441,14-10-2020 07:21,7,21,30,100.4,21
442,14-10-2020 07:22,7,22,30,100.4,43
443,14-10-2020 07:23,7,23,38,80.6,22
444,14-10-2020 07:24,7,24,39,100.4,42
445,14-10-2020 07:25,7,25,29,91.4,28
446,14-10-2020 07:26,7,26,39,82.4,42
447,14-10-2020 07:27,7,27,31,87.8,30
448,14-10-2020 07:28,7,28,37,78.8,44
449,14-10-2020 07:29,7,29,27,80.6,40
450,14-10-2020 07:30,7,30,32,86,32
451,14-10-2020 07:31,7,31,26,68,23
452,14-10-2020 07:32,7,32,37,91.4,28
453,14-10-2020 07:33,7,33,27,91.4,34
454,14-10-2020 07:34,7,34,32,104,43
455,14-10-2020 07:35,7,35,21,73.4,23
456,14-10-2020 07:36,7,36,21,71.6,31
457,14-10-2020 07:37,7,37,21,75.2,36
458,14-10-2020 07:38,7,38,37,73.4,30
459,14-10-2020 07:39,7,39,22,104,46
460,14-10-2020 07:40,7,40,20,102.2,40
461,14-10-2020 07:41,7,41,31,68,22
462,14-10-2020 07:42,7,42,29,73.4,25
463,14-10-2020 07:43,7,43,33,93.2,48
464,14-10-2020 07:44,7,44,28,71.6,39
465,14-10-2020 07:45,7,45,21,68,44
466,14-10-2020 07:46,7,46,33,77,44
467,14-10-2020 07:47,7,47,28,93.2,42
468,14-10-2020 07:48,7,48,31,89.6,35
469,14-10-2020 07:49,7,49,24,77,48
470,14-10-2020 07:50,7,50,20,77,36
471,14-10-2020 07:51,7,51,33,77,29
472,14-10-2020 07:52,7,52,21,80.6,44
473,14-10-2020 07:53,7,53,39,73.4,41
474,14-10-2020 07:54,7,54,31,89.6,41
475,14-10-2020 07:55,7,55,38,102.2,39
476,14-10-2020 07:56,7,56,28,100.4,34
477,14-10-2020 07:57,7,57,25,96.8,20
478,14-10-2020 07:58,7,58,40,75.2,21
479,14-10-2020 07:59,7,59,28,86,32
480,14-10-2020 08:00,8,0,29,84.2,42
481,14-10-2020 08:01,8,1,35,93.2,32
482,14-10-2020 08:02,8,2,25,78.8,43
483,14-10-2020 08:03,8,3,23,89.6,23
484,14-10-2020 08:04,8,4,20,73.4,25
485,14-10-2020 08:05,8,5,25,71.6,28
486,14-10-2020 08:06,8,6,22,84.2,32
487,14-10-2020 08:07,8,7,27,82.4,31
488,14-10-2020 08:08,8,8,38,73.4,28
489,14-10-2020 08:09,8,9,35,80.6,38
490,14-10-2020 08:10,8,10,34,104,43
491,14-10-2020 08:11,8,11,30,89.6,23
492,14-10-2020 08:12,8,12,31,68,39
493,14-10-2020 08:13,8,13,20,102.2,27
494,14-10-2020 08:14,8,14,34,93.2,24
495,14-10-2020 08:15,8,15,27,80.6,42
496,14-10-2020 08:16,8,16,25,98.6,44
497,14-10-2020 08:17,8,17,27,71.6,37
498,14-10-2020 08:18,8,18,30,87.8,38
499,14-10-2020 08:19,8,19,31,73.4,38
500,14-10-2020 08:20,8,20,20,78.8,42
501,14-10-2020 08:21,8,21,38,80.6,37
502,14-10-2020 08:22,8,22,29,96.8,26
503,14-10-2020 08:23,8,23,31,95,44
504,14-10-2020 08:24,8,24,38,96.8,27
505,14-10-2020 08:25,8,25,24,68,42
506,14-10-2020 08:26,8,26,30,78.8,46
507,14-10-2020 08:27,8,27,31,69.8,42
508,14-10-2020 08:28,8,28,24,104,45
509,14-10-2020 08:29,8,29,26,98.6,45
510,14-10-2020 08:30,8,30,33,91.4,25
511,14-10-2020 08:31,8,31,36,73.4,29
512,14-10-2020 08:32,8,32,27,71.6,23
513,14-10-2020 08:33,8,33,26,77,36
514,14-10-2020 08:34,8,34,30,96.8,28
515,14-10-2020 08:35,8,35,40,82.4,24
516,14-10-2020 08:36,8,36,20,75.2,28
517,14-10-2020 08:37,8,37,24,80.6,30
518,14-10-2020 08:38,8,38,27,89.6,30
519,14-10-2020 08:39,8,39,22,80.6,37
520,14-10-2020 08:40,8,40,23,69.8,37
521,14-10-2020 08:41,8,41,35,96.8,37
522,14-10-2020 08:42,8,42,29,78.8,45
523,14-10-2020 08:43,8,43,34,89.6,34
524,14-10-2020 08:44,8,44,24,96.8,30
525,14-10-2020 08:45,8,45,35,73.4,35
526,14-10-2020 08:46,8,46,33,98.6,29
527,14-10-2020 08:47,8,47,32,91.4,34
528,14-10-2020 08:48,8,48,28,84.2,41
529,14-10-2020 08:49,8,49,39,98.6,38
530,14-10-2020 08:50,8,50,22,104,30
531,14-10-2020 08:51,8,51,24,86,25
532,14-10-2020 08:52,8,52,37,84.2,46
533,14-10-2020 08:53,8,53,32,100.4,38
534,14-10-2020 08:54,8,54,21,104,37
535,14-10-2020 08:55,8,55,37,68,41
536,14-10-2020 08:56,8,56,32,68,32
537,14-10-2020 08:57,8,57,35,93.2,26
538,14-10-2020 08:58,8,58,26,104,22
539,14-10-2020 08:59,8,59,30,78.8,39
540,14-10-2020 09:00,9,0,39,95,48
541,14-10-2020 09:01,9,1,32,68,45
542,14-10-2020 09:02,9,2,22,86,46
543,14-10-2020 09:03,9,3,38,91.4,46
544,14-10-2020 09:04,9,4,20,69.8,26
545,14-10-2020 09:05,9,5,27,89.6,45
546,14-10-2020 09:06,9,6,24,100.4,28
547,14-10-2020 09:07,9,7,36,89.6,37
548,14-10-2020 09:08,9,8,35,87.8,23
549,14-10-2020 09:09,9,9,21,91.4,32
550,14-10-2020 09:10,9,10,40,96.8,35
551,14-10-2020 09:11,9,11,20,73.4,40
552,14-10-2020 09:12,9,12,32,82.4,48
553,14-10-2020 09:13,9,13,29,86,25
554,14-10-2020 09:14,9,14,20,89.6,26
555,14-10-2020 09:15,9,15,20,95,20
556,14-10-2020 09:16,9,16,38,104,21
557,14-10-2020 09:17,9,17,21,68,37
558,14-10-2020 09:18,9,18,30,87.8,26
559,14-10-2020 09:19,9,19,36,93.2,38
560,14-10-2020 09:20,9,20,27,98.6,27
561,14-10-2020 09:21,9,21,39,77,22
562,14-10-2020 09:22,9,22,35,104,25
563,14-10-2020 09:23,9,23,38,69.8,27
564,14-10-2020 09:24,9,24,22,95,31
565,14-10-2020 09:25,9,25,33,68,43
566,14-10-2020 09:26,9,26,31,95,34
567,14-10-2020 09:27,9,27,39,69.8,44
568,14-10-2020 09:28,9,28,40,95,30
569,14-10-2020 09:29,9,29,36,82.4,25
570,14-10-2020 09:30,9,30,35,96.8,48
571,14-10-2020 09:31,9,31,37,69.8,22
572,14-10-2020 09:32,9,32,25,68,21
573,14-10-2020 09:33,9,33,36,73.4,39
574,14-10-2020 09:34,9,34,38,68,29
575,14-10-2020 09:35,9,35,36,93.2,38
576,14-10-2020 09:36,9,36,30,91.4,23
577,14-10-2020 09:37,9,37,27,86,47
578,14-10-2020 09:38,9,38,30,104,20
579,14-10-2020 09:39,9,39,28,87.8,43
580,14-10-2020 09:40,9,40,23,84.2,33
581,14-10-2020 09:41,9,41,29,78.8,28
582,14-10-2020 09:42,9,42,23,102.2,34
583,14-10-2020 09:43,9,43,20,98.6,22
584,14-10-2020 09:44,9,44,21,82.4,42
585,14-10-2020 09:45,9,45,39,98.6,49
586,14-10-2020 09:46,9,46,34,68,46
587,14-10-2020 09:47,9,47,20,80.6,25
588,14-10-2020 09:48,9,48,27,69.8,32
589,14-10-2020 09:49,9,49,30,87.8,42
590,14-10-2020 09:50,9,50,20,87.8,21
591,14-10-2020 09:51,9,51,33,69.8,34
592,14-10-2020 09:52,9,52,26,71.6,40
593,14-10-2020 09:53,9,53,29,78.8,44
594,14-10-2020 09:54,9,54,33,77,49
595,14-10-2020 09:55,9,55,32,87.8,30
596,14-10-2020 09:56,9,56,21,68,27
597,14-10-2020 09:57,9,57,39,69.8,38
598,14-10-2020 09:58,9,58,34,102.2,42
599,14-10-2020 09:59,9,59,38,69.8,32
600,14-10-2020 10:00,10,0,34,82.4,34
601,14-10-2020 10:01,10,1,32,96.8,28
602,14-10-2020 10:02,10,2,37,71.6,21
603,14-10-2020 10:03,10,3,40,73.4,29
604,14-10-2020 10:04,10,4,31,86,43
605,14-10-2020 10:05,10,5,40,102.2,36
606,14-10-2020 10:06,10,6,36,96.8,44
607,14-10-2020 10:07,10,7,39,96.8,40
608,14-10-2020 10:08,10,8,28,93.2,38
609,14-10-2020 10:09,10,9,32,75.2,22
610,14-10-2020 10:10,10,10,30,71.6,36
611,14-10-2020 10:11,10,11,26,96.8,25
612,14-10-2020 10:12,10,12,27,102.2,49
613,14-10-2020 10:13,10,13,39,68,45
614,14-10-2020 10:14,10,14,36,78.8,39
615,14-10-2020 10:15,10,15,40,98.6,43
616,14-10-2020 10:16,10,16,25,98.6,28
617,14-10-2020 10:17,10,17,28,102.2,29
618,14-10-2020 10:18,10,18,28,69.8,39
619,14-10-2020 10:19,10,19,35,73.4,35
620,14-10-2020 10:20,10,20,39,96.8,30
621,14-10-2020 10:21,10,21,27,93.2,24
622,14-10-2020 10:22,10,22,25,86,33
623,14-10-2020 10:23,10,23,35,80.6,43
624,14-10-2020 10:24,10,24,32,98.6,46
625,14-10-2020 10:25,10,25,30,98.6,41
626,14-10-2020 10:26,10,26,40,77,24
627,14-10-2020 10:27,10,27,29,78.8,45
628,14-10-2020 10:28,10,28,35,78.8,29
629,14-10-2020 10:29,10,29,22,98.6,22
630,14-10-2020 10:30,10,30,37,78.8,26
631,14-10-2020 10:31,10,31,24,102.2,34
632,14-10-2020 10:32,10,32,30,82.4,30
633,14-10-2020 10:33,10,33,36,77,39
634,14-10-2020 10:34,10,34,28,71.6,44
635,14-10-2020 10:35,10,35,27,104,30
636,14-10-2020 10:36,10,36,37,82.4,23
637,14-10-2020 10:37,10,37,24,77,43
638,14-10-2020 10:38,10,38,35,95,38
639,14-10-2020 10:39,10,39,40,77,23
640,14-10-2020 10:40,10,40,21,91.4,40
641,14-10-2020 10:41,10,41,37,69.8,33
642,14-10-2020 10:42,10,42,40,100.4,27
643,14-10-2020 10:43,10,43,32,87.8,35
644,14-10-2020 10:44,10,44,34,68,21
645,14-10-2020 10:45,10,45,33,98.6,25
646,14-10-2020 10:46,10,46,39,98.6,25
647,14-10-2020 10:47,10,47,35,82.4,47
648,14-10-2020 10:48,10,48,26,75.2,38
649,14-10-2020 10:49,10,49,40,98.6,40
650,14-10-2020 10:50,10,50,24,104,20
651,14-10-2020 10:51,10,51,34,73.4,39
652,14-10-2020 10:52,10,52,36,68,46
653,14-10-2020 10:53,10,53,29,71.6,49
654,14-10-2020 10:54,10,54,30,82.4,35
655,14-10-2020 10:55,10,55,21,69.8,34
656,14-10-2020 10:56,10,56,23,77,33
657,14-10-2020 10:57,10,57,23,73.4,41
658,14-10-2020 10:58,10,58,28,75.2,38
659,14-10-2020 10:59,10,59,29,78.8,34
660,14-10-2020 11:00,11,0,24,82.4,47
661,14-10-2020 11:01,11,1,24,96.8,21
662,14-10-2020 11:02,11,2,32,77,44
663,14-10-2020 11:03,11,3,26,68,41
664,14-10-2020 11:04,11,4,21,77,49
665,14-10-2020 11:05,11,5,33,98.6,20
666,14-10-2020 11:06,11,6,28,86,22
667,14-10-2020 11:07,11,7,29,68,42
668,14-10-2020 11:08,11,8,34,73.4,36
669,14-10-2020 11:09,11,9,22,102.2,45
670,14-10-2020 11:10,11,10,25,78.8,27
671,14-10-2020 11:11,11,11,36,82.4,36
672,14-10-2020 11:12,11,12,35,80.6,35
673,14-10-2020 11:13,11,13,34,75.2,48
674,14-10-2020 11:14,11,14,23,95,48
675,14-10-2020 11:15,11,15,34,95,43
676,14-10-2020 11:16,11,16,24,84.2,23
677,14-10-2020 11:17,11,17,21,93.2,20
678,14-10-2020 11:18,11,18,21,82.4,38
679,14-10-2020 11:19,11,19,20,104,21
680,14-10-2020 11:20,11,20,27,100.4,45
681,14-10-2020 11:21,11,21,32,87.8,38
682,14-10-2020 11:22,11,22,34,89.6,28
683,14-10-2020 11:23,11,23,31,91.4,35
684,14-10-2020 11:24,11,24,33,77,45
685,14-10-2020 11:25,11,25,35,78.8,37
686,14-10-2020 11:26,11,26,23,71.6,47
687,14-10-2020 11:27,11,27,38,77,48
688,14-10-2020 11:28,11,28,38,75.2,39
689,14-10-2020 11:29,11,29,30,68,30
690,14-10-2020 11:30,11,30,22,84.2,48
691,14-10-2020 11:31,11,31,28,69.8,35
692,14-10-2020 11:32,11,32,28,93.2,46
693,14-10-2020 11:33,11,33,40,98.6,45
694,14-10-2020 11:34,11,34,31,75.2,38
695,14-10-2020 11:35,11,35,38,93.2,34
696,14-10-2020 11:36,11,36,35,86,32
697,14-10-2020 11:37,11,37,40,78.8,29
698,14-10-2020 11:38,11,38,37,82.4,23
699,14-10-2020 11:39,11,39,38,78.8,27
700,14-10-2020 11:40,11,40,25,89.6,44
701,14-10-2020 11:41,11,41,24,71.6,40
702,14-10-2020 11:42,11,42,28,84.2,47
703,14-10-2020 11:43,11,43,27,86,29
704,14-10-2020 11:44,11,44,28,96.8,30
705,14-10-2020 11:45,11,45,28,86,49
706,14-10-2020 11:46,11,46,34,78.8,35
707,14-10-2020 11:47,11,47,31,102.2,49
708,14-10-2020 11:48,11,48,23,86,42
709,14-10-2020 11:49,11,49,37,91.4,34
710,14-10-2020 11:50,11,50,37,82.4,42
711,14-10-2020 11:51,11,51,22,96.8,37
712,14-10-2020 11:52,11,52,37,98.6,30
713,14-10-2020 11:53,11,53,32,84.2,36
714,14-10-2020 11:54,11,54,23,71.6,44
715,14-10-2020 11:55,11,55,35,71.6,21
716,14-10-2020 11:56,11,56,33,102.2,25
717,14-10-2020 11:57,11,57,26,78.8,27
718,14-10-2020 11:58,11,58,30,73.4,41
719,14-10-2020 11:59,11,59,26,98.6,26
720,14-10-2020 12:00,12,0,37,104,25
721,14-10-2020 12:01,12,1,38,89.6,22
722,14-10-2020 12:02,12,2,40,91.4,47
723,14-10-2020 12:03,12,3,23,93.2,41
724,14-10-2020 12:04,12,4,27,86,27
725,14-10-2020 12:05,12,5,27,98.6,25
726,14-10-2020 12:06,12,6,38,91.4,48
727,14-10-2020 12:07,12,7,22,104,44
728,14-10-2020 12:08,12,8,35,73.4,21
729,14-10-2020 12:09,12,9,31,75.2,28
730,14-10-2020 12:10,12,10,38,87.8,34
731,14-10-2020 12:11,12,11,30,69.8,45
732,14-10-2020 12:12,12,12,24,100.4,23
733,14-10-2020 12:13,12,13,40,91.4,30
734,14-10-2020 12:14,12,14,40,100.4,26
735,14-10-2020 12:15,12,15,33,100.4,24
736,14-10-2020 12:16,12,16,27,100.4,46
737,14-10-2020 12:17,12,17,32,93.2,45
738,14-10-2020 12:18,12,18,40,77,23
739,14-10-2020 12:19,12,19,34,68,45
740,14-10-2020 12:20,12,20,25,87.8,38
741,14-10-2020 12:21,12,21,31,68,39
742,14-10-2020 12:22,12,22,27,84.2,27
743,14-10-2020 12:23,12,23,28,102.2,39
744,14-10-2020 12:24,12,24,22,91.4,22
745,14-10-2020 12:25,12,25,36,104,42
746,14-10-2020 12:26,12,26,28,104,44
747,14-10-2020 12:27,12,27,40,96.8,29
748,14-10-2020 12:28,12,28,38,96.8,40
749,14-10-2020 12:29,12,29,35,71.6,26
750,14-10-2020 12:30,12,30,29,68,22
751,14-10-2020 12:31,12,31,29,104,49
752,14-10-2020 12:32,12,32,33,104,34
753,14-10-2020 12:33,12,33,24,100.4,29
754,14-10-2020 12:34,12,34,27,69.8,34
755,14-10-2020 12:35,12,35,30,82.4,37
756,14-10-2020 12:36,12,36,29,84.2,37
757,14-10-2020 12:37,12,37,37,71.6,32
758,14-10-2020 12:38,12,38,27,69.8,37
759,14-10-2020 12:39,12,39,28,77,45
760,14-10-2020 12:40,12,40,34,102.2,36
761,14-10-2020 12:41,12,41,27,73.4,44
762,14-10-2020 12:42,12,42,31,98.6,27
763,14-10-2020 12:43,12,43,21,104,41
764,14-10-2020 12:44,12,44,24,73.4,31
765,14-10-2020 12:45,12,45,21,78.8,23
766,14-10-2020 12:46,12,46,27,78.8,44
767,14-10-2020 12:47,12,47,24,96.8,38
768,14-10-2020 12:48,12,48,40,91.4,20
769,14-10-2020 12:49,12,49,27,104,30
770,14-10-2020 12:50,12,50,35,91.4,44
771,14-10-2020 12:51,12,51,33,95,40
772,14-10-2020 12:52,12,52,35,102.2,29
773,14-10-2020 12:53,12,53,22,78.8,21
774,14-10-2020 12:54,12,54,39,69.8,43
775,14-10-2020 12:55,12,55,31,75.2,22
776,14-10-2020 12:56,12,56,30,102.2,21
777,14-10-2020 12:57,12,57,29,69.8,43
778,14-10-2020 12:58,12,58,40,86,39
779,14-10-2020 12:59,12,59,22,96.8,31
780,14-10-2020 13:00,13,0,26,82.4,23
781,14-10-2020 13:01,13,1,21,100.4,44
782,14-10-2020 13:02,13,2,39,87.8,22
783,14-10-2020 13:03,13,3,35,77,26
784,14-10-2020 13:04,13,4,24,87.8,42
785,14-10-2020 13:05,13,5,30,87.8,35
786,14-10-2020 13:06,13,6,24,89.6,45
787,14-10-2020 13:07,13,7,27,84.2,37
788,14-10-2020 13:08,13,8,21,104,47
789,14-10-2020 13:09,13,9,25,80.6,25
790,14-10-2020 13:10,13,10,20,93.2,32
791,14-10-2020 13:11,13,11,33,71.6,20
792,14-10-2020 13:12,13,12,37,78.8,31
793,14-10-2020 13:13,13,13,27,98.6,48
794,14-10-2020 13:14,13,14,39,75.2,40
795,14-10-2020 13:15,13,15,20,102.2,27
796,14-10-2020 13:16,13,16,33,104,45
797,14-10-2020 13:17,13,17,39,89.6,40
798,14-10-2020 13:18,13,18,32,95,30
799,14-10-2020 13:19,13,19,29,77,27
800,14-10-2020 13:20,13,20,26,89.6,30
801,14-10-2020 13:21,13,21,37,75.2,45
802,14-10-2020 13:22,13,22,32,104,47
803,14-10-2020 13:23,13,23,38,78.8,20
804,14-10-2020 13:24,13,24,33,82.4,27
805,14-10-2020 13:25,13,25,27,84.2,30
806,14-10-2020 13:26,13,26,21,82.4,36
807,14-10-2020 13:27,13,27,39,95,24
808,14-10-2020 13:28,13,28,40,100.4,49
809,14-10-2020 13:29,13,29,37,87.8,49
810,14-10-2020 13:30,13,30,33,96.8,25
811,14-10-2020 13:31,13,31,20,77,23
812,14-10-2020 13:32,13,32,22,82.4,30
813,14-10-2020 13:33,13,33,29,93.2,48
814,14-10-2020 13:34,13,34,28,104,25
815,14-10-2020 13:35,13,35,25,82.4,48
816,14-10-2020 13:36,13,36,20,84.2,33
817,14-10-2020 13:37,13,37,35,86,36
818,14-10-2020 13:38,13,38,39,100.4,33
819,14-10-2020 13:39,13,39,31,78.8,35
820,14-10-2020 13:40,13,40,26,68,44
821,14-10-2020 13:41,13,41,26,87.8,30
822,14-10-2020 13:42,13,42,23,68,27
823,14-10-2020 13:43,13,43,23,95,26
824,14-10-2020 13:44,13,44,23,69.8,49
825,14-10-2020 13:45,13,45,31,93.2,28
826,14-10-2020 13:46,13,46,25,75.2,29
827,14-10-2020 13:47,13,47,40,78.8,33
828,14-10-2020 13:48,13,48,40,82.4,43
829,14-10-2020 13:49,13,49,20,86,40
830,14-10-2020 13:50,13,50,27,104,38
831,14-10-2020 13:51,13,51,36,80.6,37
832,14-10-2020 13:52,13,52,40,102.2,37
833,14-10-2020 13:53,13,53,34,69.8,42
834,14-10-2020 13:54,13,54,22,91.4,26
835,14-10-2020 13:55,13,55,34,80.6,27
836,14-10-2020 13:56,13,56,37,102.2,27
837,14-10-2020 13:57,13,57,39,77,36
838,14-10-2020 13:58,13,58,35,98.6,42
839,14-10-2020 13:59,13,59,24,95,48
840,14-10-2020 14:00,14,0,28,86,21
841,14-10-2020 14:01,14,1,24,77,49
842,14-10-2020 14:02,14,2,22,77,42
843,14-10-2020 14:03,14,3,26,98.6,26
844,14-10-2020 14:04,14,4,35,86,34
845,14-10-2020 14:05,14,5,30,98.6,31
846,14-10-2020 14:06,14,6,28,86,47
847,14-10-2020 14:07,14,7,27,69.8,22
848,14-10-2020 14:08,14,8,36,104,43
849,14-10-2020 14:09,14,9,31,84.2,39
850,14-10-2020 14:10,14,10,23,100.4,42
851,14-10-2020 14:11,14,11,25,71.6,35
852,14-10-2020 14:12,14,12,20,100.4,40
853,14-10-2020 14:13,14,13,39,82.4,48
854,14-10-2020 14:14,14,14,32,89.6,44
855,14-10-2020 14:15,14,15,38,98.6,46
856,14-10-2020 14:16,14,16,29,86,37
857,14-10-2020 14:17,14,17,35,91.4,46
858,14-10-2020 14:18,14,18,22,82.4,35
859,14-10-2020 14:19,14,19,28,84.2,35
860,14-10-2020 14:20,14,20,35,78.8,28
861,14-10-2020 14:21,14,21,34,78.8,24
862,14-10-2020 14:22,14,22,36,82.4,40
863,14-10-2020 14:23,14,23,30,93.2,22
864,14-10-2020 14:24,14,24,32,84.2,42
865,14-10-2020 14:25,14,25,22,87.8,27
866,14-10-2020 14:26,14,26,30,75.2,27
867,14-10-2020 14:27,14,27,38,78.8,46
868,14-10-2020 14:28,14,28,26,91.4,23
869,14-10-2020 14:29,14,29,38,77,39
870,14-10-2020 14:30,14,30,22,77,35
871,14-10-2020 14:31,14,31,33,87.8,38
872,14-10-2020 14:32,14,32,29,104,35
873,14-10-2020 14:33,14,33,32,86,41
874,14-10-2020 14:34,14,34,35,104,22
875,14-10-2020 14:35,14,35,27,78.8,45
876,14-10-2020 14:36,14,36,25,104,31
877,14-10-2020 14:37,14,37,22,86,47
878,14-10-2020 14:38,14,38,39,86,36
879,14-10-2020 14:39,14,39,30,100.4,37
880,14-10-2020 14:40,14,40,39,104,37
881,14-10-2020 14:41,14,41,31,75.2,40
882,14-10-2020 14:42,14,42,23,84.2,23
883,14-10-2020 14:43,14,43,31,100.4,44
884,14-10-2020 14:44,14,44,20,100.4,20
885,14-10-2020 14:45,14,45,20,100.4,36
886,14-10-2020 14:46,14,46,29,82.4,25
887,14-10-2020 14:47,14,47,22,100.4,42
888,14-10-2020 14:48,14,48,27,69.8,29
889,14-10-2020 14:49,14,49,33,96.8,37
890,14-10-2020 14:50,14,50,23,98.6,33
891,14-10-2020 14:51,14,51,25,75.2,34
892,14-10-2020 14:52,14,52,23,87.8,44
893,14-10-2020 14:53,14,53,32,95,30
894,14-10-2020 14:54,14,54,34,95,49
895,14-10-2020 14:55,14,55,40,75.2,31
896,14-10-2020 14:56,14,56,29,89.6,42
897,14-10-2020 14:57,14,57,31,86,23
898,14-10-2020 14:58,14,58,32,104,23
899,14-10-2020 14:59,14,59,37,89.6,48
900,14-10-2020 15:00,15,0,39,100.4,48
901,14-10-2020 15:01,15,1,38,80.6,25
902,14-10-2020 15:02,15,2,22,102.2,46
903,14-10-2020 15:03,15,3,25,86,36
904,14-10-2020 15:04,15,4,28,78.8,20
905,14-10-2020 15:05,15,5,28,71.6,24
906,14-10-2020 15:06,15,6,27,91.4,32
907,14-10-2020 15:07,15,7,39,75.2,29
908,14-10-2020 15:08,15,8,34,96.8,26
909,14-10-2020 15:09,15,9,22,98.6,47
910,14-10-2020 15:10,15,10,22,87.8,36
911,14-10-2020 15:11,15,11,25,96.8,33
912,14-10-2020 15:12,15,12,26,96.8,25
913,14-10-2020 15:13,15,13,28,98.6,29
914,14-10-2020 15:14,15,14,34,78.8,36
915,14-10-2020 15:15,15,15,25,87.8,41
916,14-10-2020 15:16,15,16,26,93.2,45
917,14-10-2020 15:17,15,17,36,102.2,39
918,14-10-2020 15:18,15,18,31,71.6,41
919,14-10-2020 15:19,15,19,25,86,37
920,14-10-2020 15:20,15,20,23,80.6,37
921,14-10-2020 15:21,15,21,25,68,42
922,14-10-2020 15:22,15,22,33,73.4,33
923,14-10-2020 15:23,15,23,39,87.8,41
924,14-10-2020 15:24,15,24,35,98.6,33
925,14-10-2020 15:25,15,25,24,91.4,32
926,14-10-2020 15:26,15,26,33,86,20
927,14-10-2020 15:27,15,27,26,71.6,47
928,14-10-2020 15:28,15,28,39,95,23
929,14-10-2020 15:29,15,29,35,84.2,25
930,14-10-2020 15:30,15,30,20,82.4,34
931,14-10-2020 15:31,15,31,21,82.4,22
932,14-10-2020 15:32,15,32,35,78.8,29
933,14-10-2020 15:33,15,33,29,100.4,37
934,14-10-2020 15:34,15,34,23,75.2,36
935,14-10-2020 15:35,15,35,20,73.4,35
936,14-10-2020 15:36,15,36,21,87.8,33
937,14-10-2020 15:37,15,37,36,104,26
938,14-10-2020 15:38,15,38,36,87.8,20
939,14-10-2020 15:39,15,39,35,84.2,34
940,14-10-2020 15:40,15,40,27,100.4,32
941,14-10-2020 15:41,15,41,32,71.6,21
942,14-10-2020 15:42,15,42,39,69.8,22
943,14-10-2020 15:43,15,43,37,93.2,38
944,14-10-2020 15:44,15,44,30,84.2,32
945,14-10-2020 15:45,15,45,32,96.8,24
946,14-10-2020 15:46,15,46,30,75.2,23
947,14-10-2020 15:47,15,47,38,89.6,25
948,14-10-2020 15:48,15,48,29,98.6,31
949,14-10-2020 15:49,15,49,38,102.2,31
950,14-10-2020 15:50,15,50,27,75.2,41
951,14-10-2020 15:51,15,51,23,98.6,37
952,14-10-2020 15:52,15,52,20,104,44
953,14-10-2020 15:53,15,53,26,69.8,43
954,14-10-2020 15:54,15,54,26,89.6,25
955,14-10-2020 15:55,15,55,34,68,28
956,14-10-2020 15:56,15,56,31,80.6,46
957,14-10-2020 15:57,15,57,23,104,32
958,14-10-2020 15:58,15,58,37,98.6,35
959,14-10-2020 15:59,15,59,33,77,32
960,14-10-2020 16:00,16,0,26,86,48
961,14-10-2020 16:01,16,1,39,96.8,38
962,14-10-2020 16:02,16,2,38,96.8,40
963,14-10-2020 16:03,16,3,30,73.4,44
964,14-10-2020 16:04,16,4,30,69.8,31
965,14-10-2020 16:05,16,5,31,69.8,24
966,14-10-2020 16:06,16,6,39,93.2,33
967,14-10-2020 16:07,16,7,28,98.6,27
968,14-10-2020 16:08,16,8,21,73.4,46
969,14-10-2020 16:09,16,9,38,96.8,44
970,14-10-2020 16:10,16,10,32,98.6,27
971,14-10-2020 16:11,16,11,39,87.8,34
972,14-10-2020 16:12,16,12,39,84.2,20
973,14-10-2020 16:13,16,13,40,102.2,31
974,14-10-2020 16:14,16,14,26,71.6,28
975,14-10-2020 16:15,16,15,24,95,48
976,14-10-2020 16:16,16,16,28,104,37
977,14-10-2020 16:17,16,17,40,96.8,24
978,14-10-2020 16:18,16,18,22,75.2,22
979,14-10-2020 16:19,16,19,39,93.2,38
980,14-10-2020 16:20,16,20,29,75.2,22
981,14-10-2020 16:21,16,21,25,87.8,43
982,14-10-2020 16:22,16,22,30,96.8,43
983,14-10-2020 16:23,16,23,38,93.2,39
984,14-10-2020 16:24,16,24,34,73.4,30
985,14-10-2020 16:25,16,25,32,82.4,31
986,14-10-2020 16:26,16,26,37,73.4,43
987,14-10-2020 16:27,16,27,28,91.4,37
988,14-10-2020 16:28,16,28,29,84.2,46
989,14-10-2020 16:29,16,29,20,95,40
990,14-10-2020 16:30,16,30,37,91.4,47
991,14-10-2020 16:31,16,31,21,102.2,39
992,14-10-2020 16:32,16,32,20,84.2,28
993,14-10-2020 16:33,16,33,34,69.8,44
994,14-10-2020 16:34,16,34,29,82.4,40
995,14-10-2020 16:35,16,35,20,91.4,36
996,14-10-2020 16:36,16,36,37,73.4,44
997,14-10-2020 16:37,16,37,39,91.4,27
998,14-10-2020 16:38,16,38,20,102.2,32
999,14-10-2020 16:39,16,39,38,75.2,34
1000,14-10-2020 16:40,16,40,24,75.2,24
1001,14-10-2020 16:41,16,41,29,91.4,32
1002,14-10-2020 16:42,16,42,29,73.4,34
1003,14-10-2020 16:43,16,43,32,96.8,35
1004,14-10-2020 16:44,16,44,25,102.2,33
1005,14-10-2020 16:45,16,45,23,93.2,31
1006,14-10-2020 16:46,16,46,27,80.6,40
1007,14-10-2020 16:47,16,47,32,100.4,31
1008,14-10-2020 16:48,16,48,36,89.6,25
1009,14-10-2020 16:49,16,49,37,73.4,33
1010,14-10-2020 16:50,16,50,26,102.2,26
1011,14-10-2020 16:51,16,51,25,71.6,24
1012,14-10-2020 16:52,16,52,40,84.2,30
1013,14-10-2020 16:53,16,53,35,100.4,32
1014,14-10-2020 16:54,16,54,33,71.6,38
1015,14-10-2020 16:55,16,55,29,104,32
1016,14-10-2020 16:56,16,56,26,98.6,27
1017,14-10-2020 16:57,16,57,40,69.8,28
1018,14-10-2020 16:58,16,58,21,91.4,32
1019,14-10-2020 16:59,16,59,22,93.2,36
1020,14-10-2020 17:00,17,0,30,100.4,40
1021,14-10-2020 17:01,17,1,22,82.4,26
1022,14-10-2020 17:02,17,2,35,82.4,42
1023,14-10-2020 17:03,17,3,30,69.8,45
1024,14-10-2020 17:04,17,4,30,73.4,36
1025,14-10-2020 17:05,17,5,20,68,36
1026,14-10-2020 17:06,17,6,20,91.4,28
1027,14-10-2020 17:07,17,7,38,102.2,48
1028,14-10-2020 17:08,17,8,24,93.2,39
1029,14-10-2020 17:09,17,9,20,68,40
1030,14-10-2020 17:10,17,10,20,75.2,44
1031,14-10-2020 17:11,17,11,27,71.6,38
1032,14-10-2020 17:12,17,12,24,89.6,33
1033,14-10-2020 17:13,17,13,38,93.2,39
1034,14-10-2020 17:14,17,14,35,84.2,37
1035,14-10-2020 17:15,17,15,28,69.8,36
1036,14-10-2020 17:16,17,16,25,96.8,49
1037,14-10-2020 17:17,17,17,33,96.8,49
1038,14-10-2020 17:18,17,18,30,96.8,35
1039,14-10-2020 17:19,17,19,35,86,21
1040,14-10-2020 17:20,17,20,22,80.6,48
1041,14-10-2020 17:21,17,21,30,100.4,24
1042,14-10-2020 17:22,17,22,29,87.8,44
1043,14-10-2020 17:23,17,23,26,89.6,45
1044,14-10-2020 17:24,17,24,27,77,27
1045,14-10-2020 17:25,17,25,38,68,38
1046,14-10-2020 17:26,17,26,37,84.2,22
1047,14-10-2020 17:27,17,27,29,87.8,46
1048,14-10-2020 17:28,17,28,39,80.6,28
1049,14-10-2020 17:29,17,29,29,104,24
1050,14-10-2020 17:30,17,30,30,89.6,42
1051,14-10-2020 17:31,17,31,39,104,47
1052,14-10-2020 17:32,17,32,28,98.6,45
1053,14-10-2020 17:33,17,33,21,84.2,37
1054,14-10-2020 17:34,17,34,28,93.2,46
1055,14-10-2020 17:35,17,35,21,84.2,20
1056,14-10-2020 17:36,17,36,26,98.6,21
1057,14-10-2020 17:37,17,37,27,87.8,48
1058,14-10-2020 17:38,17,38,39,80.6,34
1059,14-10-2020 17:39,17,39,29,82.4,46
1060,14-10-2020 17:40,17,40,31,104,27
1061,14-10-2020 17:41,17,41,28,87.8,30
1062,14-10-2020 17:42,17,42,30,96.8,29
1063,14-10-2020 17:43,17,43,36,87.8,40
1064,14-10-2020 17:44,17,44,22,100.4,34
1065,14-10-2020 17:45,17,45,22,91.4,42
1066,14-10-2020 17:46,17,46,39,91.4,39
1067,14-10-2020 17:47,17,47,21,104,32
1068,14-10-2020 17:48,17,48,29,82.4,49
1069,14-10-2020 17:49,17,49,39,95,38
1070,14-10-2020 17:50,17,50,30,95,21
1071,14-10-2020 17:51,17,51,39,100.4,47
1072,14-10-2020 17:52,17,52,27,100.4,20
1073,14-10-2020 17:53,17,53,25,98.6,46
1074,14-10-2020 17:54,17,54,34,96.8,47
1075,14-10-2020 17:55,17,55,23,77,34
1076,14-10-2020 17:56,17,56,26,73.4,33
1077,14-10-2020 17:57,17,57,35,104,46
1078,14-10-2020 17:58,17,58,20,77,44
1079,14-10-2020 17:59,17,59,20,104,45
1080,14-10-2020 18:00,18,0,39,86,38
1081,14-10-2020 18:01,18,1,39,91.4,45
1082,14-10-2020 18:02,18,2,40,100.4,43
1083,14-10-2020 18:03,18,3,33,82.4,25
1084,14-10-2020 18:04,18,4,25,98.6,22
1085,14-10-2020 18:05,18,5,37,91.4,42
1086,14-10-2020 18:06,18,6,33,93.2,29
1087,14-10-2020 18:07,18,7,27,89.6,41
1088,14-10-2020 18:08,18,8,29,68,45
1089,14-10-2020 18:09,18,9,29,87.8,39
1090,14-10-2020 18:10,18,10,33,86,44
1091,14-10-2020 18:11,18,11,23,98.6,41
1092,14-10-2020 18:12,18,12,37,93.2,27
1093,14-10-2020 18:13,18,13,32,87.8,41
1094,14-10-2020 18:14,18,14,26,68,25
1095,14-10-2020 18:15,18,15,34,91.4,46
1096,14-10-2020 18:16,18,16,35,89.6,39
1097,14-10-2020 18:17,18,17,28,89.6,42
1098,14-10-2020 18:18,18,18,28,104,20
1099,14-10-2020 18:19,18,19,26,75.2,37
1100,14-10-2020 18:20,18,20,36,71.6,20
1101,14-10-2020 18:21,18,21,28,80.6,36
1102,14-10-2020 18:22,18,22,23,100.4,37
1103,14-10-2020 18:23,18,23,25,80.6,40
1104,14-10-2020 18:24,18,24,22,96.8,46
1105,14-10-2020 18:25,18,25,22,91.4,36
1106,14-10-2020 18:26,18,26,25,71.6,40
1107,14-10-2020 18:27,18,27,40,69.8,38
1108,14-10-2020 18:28,18,28,22,91.4,47
1109,14-10-2020 18:29,18,29,40,77,41
1110,14-10-2020 18:30,18,30,23,87.8,36
1111,14-10-2020 18:31,18,31,33,69.8,27
1112,14-10-2020 18:32,18,32,25,87.8,31
1113,14-10-2020 18:33,18,33,28,73.4,41
1114,14-10-2020 18:34,18,34,36,80.6,42
1115,14-10-2020 18:35,18,35,37,80.6,44
1116,14-10-2020 18:36,18,36,37,71.6,41
1117,14-10-2020 18:37,18,37,33,100.4,40
1118,14-10-2020 18:38,18,38,33,68,39
1119,14-10-2020 18:39,18,39,40,98.6,21
1120,14-10-2020 18:40,18,40,36,102.2,38
1121,14-10-2020 18:41,18,41,24,86,27
1122,14-10-2020 18:42,18,42,33,80.6,33
1123,14-10-2020 18:43,18,43,40,89.6,34
1124,14-10-2020 18:44,18,44,31,96.8,38
1125,14-10-2020 18:45,18,45,40,102.2,48
1126,14-10-2020 18:46,18,46,21,82.4,47
1127,14-10-2020 18:47,18,47,26,68,33
1128,14-10-2020 18:48,18,48,24,100.4,47
1129,14-10-2020 18:49,18,49,26,89.6,29
1130,14-10-2020 18:50,18,50,22,82.4,22
1131,14-10-2020 18:51,18,51,35,84.2,38
1132,14-10-2020 18:52,18,52,20,96.8,30
1133,14-10-2020 18:53,18,53,34,102.2,28
1134,14-10-2020 18:54,18,54,33,93.2,34
1135,14-10-2020 18:55,18,55,36,104,39
1136,14-10-2020 18:56,18,56,35,73.4,32
1137,14-10-2020 18:57,18,57,25,98.6,37
1138,14-10-2020 18:58,18,58,27,87.8,22
1139,14-10-2020 18:59,18,59,36,102.2,49
1140,14-10-2020 19:00,19,0,29,102.2,28
1141,14-10-2020 19:01,19,1,34,87.8,38
1142,14-10-2020 19:02,19,2,31,95,37
1143,14-10-2020 19:03,19,3,40,86,37
1144,14-10-2020 19:04,19,4,27,86,45
1145,14-10-2020 19:05,19,5,28,100.4,30
1146,14-10-2020 19:06,19,6,39,86,44
1147,14-10-2020 19:07,19,7,34,75.2,38
1148,14-10-2020 19:08,19,8,23,96.8,37
1149,14-10-2020 19:09,19,9,38,93.2,41
1150,14-10-2020 19:10,19,10,40,84.2,24
1151,14-10-2020 19:11,19,11,34,71.6,21
1152,14-10-2020 19:12,19,12,21,96.8,30
1153,14-10-2020 19:13,19,13,29,91.4,25
1154,14-10-2020 19:14,19,14,20,69.8,49
1155,14-10-2020 19:15,19,15,40,91.4,38
1156,14-10-2020 19:16,19,16,21,75.2,48
1157,14-10-2020 19:17,19,17,23,82.4,41
1158,14-10-2020 19:18,19,18,34,80.6,40
1159,14-10-2020 19:19,19,19,28,93.2,34
1160,14-10-2020 19:20,19,20,24,86,33
1161,14-10-2020 19:21,19,21,26,69.8,40
1162,14-10-2020 19:22,19,22,25,104,40
1163,14-10-2020 19:23,19,23,30,78.8,41
1164,14-10-2020 19:24,19,24,24,78.8,27
1165,14-10-2020 19:25,19,25,26,87.8,23
1166,14-10-2020 19:26,19,26,26,84.2,36
1167,14-10-2020 19:27,19,27,21,86,31
1168,14-10-2020 19:28,19,28,38,86,31
1169,14-10-2020 19:29,19,29,20,91.4,46
1170,14-10-2020 19:30,19,30,20,86,29
1171,14-10-2020 19:31,19,31,34,73.4,42
1172,14-10-2020 19:32,19,32,28,87.8,30
1173,14-10-2020 19:33,19,33,39,87.8,22
1174,14-10-2020 19:34,19,34,23,104,22
1175,14-10-2020 19:35,19,35,22,68,44
1176,14-10-2020 19:36,19,36,40,86,25
1177,14-10-2020 19:37,19,37,30,68,25
1178,14-10-2020 19:38,19,38,22,86,42
1179,14-10-2020 19:39,19,39,33,89.6,21
1180,14-10-2020 19:40,19,40,24,91.4,30
1181,14-10-2020 19:41,19,41,39,91.4,47
1182,14-10-2020 19:42,19,42,30,71.6,34
1183,14-10-2020 19:43,19,43,39,102.2,23
1184,14-10-2020 19:44,19,44,26,68,25
1185,14-10-2020 19:45,19,45,23,95,41
1186,14-10-2020 19:46,19,46,20,71.6,25
1187,14-10-2020 19:47,19,47,26,95,44
1188,14-10-2020 19:48,19,48,23,89.6,31
1189,14-10-2020 19:49,19,49,22,71.6,34
1190,14-10-2020 19:50,19,50,20,93.2,47
1191,14-10-2020 19:51,19,51,35,77,21
1192,14-10-2020 19:52,19,52,36,89.6,23
1193,14-10-2020 19:53,19,53,32,68,20
1194,14-10-2020 19:54,19,54,35,91.4,49
1195,14-10-2020 19:55,19,55,35,102.2,29
1196,14-10-2020 19:56,19,56,39,73.4,27
1197,14-10-2020 19:57,19,57,21,89.6,45
1198,14-10-2020 19:58,19,58,24,75.2,41
1199,14-10-2020 19:59,19,59,28,87.8,24
1200,14-10-2020 20:00,20,0,29,93.2,37
1201,14-10-2020 20:01,20,1,27,98.6,39
1202,14-10-2020 20:02,20,2,28,86,27
1203,14-10-2020 20:03,20,3,27,100.4,46
1204,14-10-2020 20:04,20,4,33,78.8,31
1205,14-10-2020 20:05,20,5,29,93.2,26
1206,14-10-2020 20:06,20,6,24,100.4,40
1207,14-10-2020 20:07,20,7,31,82.4,44
1208,14-10-2020 20:08,20,8,39,93.2,20
1209,14-10-2020 20:09,20,9,21,91.4,21
1210,14-10-2020 20:10,20,10,33,68,27
1211,14-10-2020 20:11,20,11,26,89.6,26
1212,14-10-2020 20:12,20,12,31,89.6,44
1213,14-10-2020 20:13,20,13,23,71.6,46
1214,14-10-2020 20:14,20,14,36,75.2,20
1215,14-10-2020 20:15,20,15,36,91.4,40
1216,14-10-2020 20:16,20,16,36,78.8,20
1217,14-10-2020 20:17,20,17,40,91.4,32
1218,14-10-2020 20:18,20,18,35,73.4,20
1219,14-10-2020 20:19,20,19,23,82.4,22
1220,14-10-2020 20:20,20,20,30,89.6,20
1221,14-10-2020 20:21,20,21,21,73.4,24
1222,14-10-2020 20:22,20,22,29,93.2,27
1223,14-10-2020 20:23,20,23,26,80.6,30
1224,14-10-2020 20:24,20,24,39,95,34
1225,14-10-2020 20:25,20,25,29,68,47
1226,14-10-2020 20:26,20,26,31,104,29
1227,14-10-2020 20:27,20,27,29,71.6,46
1228,14-10-2020 20:28,20,28,31,89.6,42
1229,14-10-2020 20:29,20,29,40,100.4,37
1230,14-10-2020 20:30,20,30,28,87.8,37
1231,14-10-2020 20:31,20,31,21,75.2,43
1232,14-10-2020 20:32,20,32,32,78.8,31
1233,14-10-2020 20:33,20,33,34,84.2,33
1234,14-10-2020 20:34,20,34,23,71.6,37
1235,14-10-2020 20:35,20,35,32,84.2,33
1236,14-10-2020 20:36,20,36,25,68,22
1237,14-10-2020 20:37,20,37,34,80.6,31
1238,14-10-2020 20:38,20,38,24,96.8,23
1239,14-10-2020 20:39,20,39,31,102.2,47
1240,14-10-2020 20:40,20,40,34,78.8,29
1241,14-10-2020 20:41,20,41,20,80.6,34
1242,14-10-2020 20:42,20,42,26,98.6,47
1243,14-10-2020 20:43,20,43,34,69.8,24
1244,14-10-2020 20:44,20,44,20,73.4,29
1245,14-10-2020 20:45,20,45,35,98.6,27
1246,14-10-2020 20:46,20,46,36,104,47
1247,14-10-2020 20:47,20,47,39,73.4,45
1248,14-10-2020 20:48,20,48,21,104,39
1249,14-10-2020 20:49,20,49,22,96.8,22
1250,14-10-2020 20:50,20,50,27,104,49
1251,14-10-2020 20:51,20,51,26,89.6,24
1252,14-10-2020 20:52,20,52,21,89.6,40
1253,14-10-2020 20:53,20,53,37,86,28
1254,14-10-2020 20:54,20,54,22,95,25
1255,14-10-2020 20:55,20,55,27,87.8,29
1256,14-10-2020 20:56,20,56,28,102.2,23
1257,14-10-2020 20:57,20,57,34,73.4,40
1258,14-10-2020 20:58,20,58,20,86,30
1259,14-10-2020 20:59,20,59,32,86,25
1260,14-10-2020 21:00,21,0,36,77,43
1261,14-10-2020 21:01,21,1,34,80.6,23
1262,14-10-2020 21:02,21,2,35,84.2,29
1263,14-10-2020 21:03,21,3,35,84.2,30
1264,14-10-2020 21:04,21,4,39,89.6,26
1265,14-10-2020 21:05,21,5,22,86,38
1266,14-10-2020 21:06,21,6,31,91.4,48
1267,14-10-2020 21:07,21,7,25,95,41
1268,14-10-2020 21:08,21,8,38,80.6,48
1269,14-10-2020 21:09,21,9,35,82.4,31
1270,14-10-2020 21:10,21,10,32,84.2,49
1271,14-10-2020 21:11,21,11,25,89.6,36
1272,14-10-2020 21:12,21,12,37,75.2,34
1273,14-10-2020 21:13,21,13,28,89.6,45
1274,14-10-2020 21:14,21,14,20,69.8,46
1275,14-10-2020 21:15,21,15,27,93.2,46
1276,14-10-2020 21:16,21,16,38,84.2,22
1277,14-10-2020 21:17,21,17,32,87.8,49
1278,14-10-2020 21:18,21,18,20,69.8,48
1279,14-10-2020 21:19,21,19,22,89.6,36
1280,14-10-2020 21:20,21,20,32,80.6,29
1281,14-10-2020 21:21,21,21,21,91.4,42
1282,14-10-2020 21:22,21,22,26,95,36
1283,14-10-2020 21:23,21,23,34,104,33
1284,14-10-2020 21:24,21,24,36,87.8,32
1285,14-10-2020 21:25,21,25,28,84.2,39
1286,14-10-2020 21:26,21,26,39,78.8,24
1287,14-10-2020 21:27,21,27,35,69.8,32
1288,14-10-2020 21:28,21,28,36,102.2,29
1289,14-10-2020 21:29,21,29,36,89.6,33
1290,14-10-2020 21:30,21,30,23,73.4,30
1291,14-10-2020 21:31,21,31,20,73.4,39
1292,14-10-2020 21:32,21,32,28,93.2,36
1293,14-10-2020 21:33,21,33,31,100.4,49
1294,14-10-2020 21:34,21,34,22,98.6,31
1295,14-10-2020 21:35,21,35,34,86,21
1296,14-10-2020 21:36,21,36,22,95,24
1297,14-10-2020 21:37,21,37,39,77,39
1298,14-10-2020 21:38,21,38,22,68,47
1299,14-10-2020 21:39,21,39,29,75.2,37
1300,14-10-2020 21:40,21,40,40,95,39
1301,14-10-2020 21:41,21,41,23,69.8,23
1302,14-10-2020 21:42,21,42,27,68,40
1303,14-10-2020 21:43,21,43,21,75.2,45
1304,14-10-2020 21:44,21,44,30,96.8,40
1305,14-10-2020 21:45,21,45,24,86,40
1306,14-10-2020 21:46,21,46,28,69.8,47
1307,14-10-2020 21:47,21,47,31,86,33
1308,14-10-2020 21:48,21,48,37,96.8,32
1309,14-10-2020 21:49,21,49,21,87.8,22
1310,14-10-2020 21:50,21,50,22,75.2,21
1311,14-10-2020 21:51,21,51,32,78.8,24
1312,14-10-2020 21:52,21,52,27,73.4,27
1313,14-10-2020 21:53,21,53,40,78.8,45
1314,14-10-2020 21:54,21,54,25,82.4,31
1315,14-10-2020 21:55,21,55,31,69.8,32
1316,14-10-2020 21:56,21,56,27,93.2,35
1317,14-10-2020 21:57,21,57,34,69.8,24
1318,14-10-2020 21:58,21,58,36,78.8,28
1319,14-10-2020 21:59,21,59,26,98.6,40
1320,14-10-2020 22:00,22,0,32,98.6,37
1321,14-10-2020 22:01,22,1,39,95,31
1322,14-10-2020 22:02,22,2,30,68,36
1323,14-10-2020 22:03,22,3,27,68,35
1324,14-10-2020 22:04,22,4,28,93.2,29
1325,14-10-2020 22:05,22,5,25,71.6,44
1326,14-10-2020 22:06,22,6,30,95,38
1327,14-10-2020 22:07,22,7,35,77,37
1328,14-10-2020 22:08,22,8,20,82.4,43
1329,14-10-2020 22:09,22,9,39,73.4,45
1330,14-10-2020 22:10,22,10,21,89.6,21
1331,14-10-2020 22:11,22,11,32,96.8,48
1332,14-10-2020 22:12,22,12,23,84.2,29
1333,14-10-2020 22:13,22,13,23,82.4,49
1334,14-10-2020 22:14,22,14,26,80.6,32
1335,14-10-2020 22:15,22,15,23,98.6,39
1336,14-10-2020 22:16,22,16,25,73.4,31
1337,14-10-2020 22:17,22,17,23,86,20
1338,14-10-2020 22:18,22,18,40,78.8,30
1339,14-10-2020 22:19,22,19,31,73.4,36
1340,14-10-2020 22:20,22,20,24,86,31
1341,14-10-2020 22:21,22,21,23,93.2,37
1342,14-10-2020 22:22,22,22,21,95,28
1343,14-10-2020 22:23,22,23,26,96.8,25
1344,14-10-2020 22:24,22,24,24,86,31
1345,14-10-2020 22:25,22,25,25,102.2,39
1346,14-10-2020 22:26,22,26,38,96.8,45
1347,14-10-2020 22:27,22,27,24,71.6,43
1348,14-10-2020 22:28,22,28,21,98.6,40
1349,14-10-2020 22:29,22,29,29,73.4,39
1350,14-10-2020 22:30,22,30,33,96.8,49
1351,14-10-2020 22:31,22,31,29,84.2,41
1352,14-10-2020 22:32,22,32,26,78.8,35
1353,14-10-2020 22:33,22,33,40,95,24
1354,14-10-2020 22:34,22,34,22,71.6,27
1355,14-10-2020 22:35,22,35,22,98.6,24
1356,14-10-2020 22:36,22,36,24,80.6,40
1357,14-10-2020 22:37,22,37,31,104,37
1358,14-10-2020 22:38,22,38,40,95,37
1359,14-10-2020 22:39,22,39,28,87.8,46
1360,14-10-2020 22:40,22,40,28,68,49
1361,14-10-2020 22:41,22,41,28,93.2,38
1362,14-10-2020 22:42,22,42,33,95,24
1363,14-10-2020 22:43,22,43,23,68,30
1364,14-10-2020 22:44,22,44,30,89.6,35
1365,14-10-2020 22:45,22,45,28,77,24
1366,14-10-2020 22:46,22,46,29,89.6,41
1367,14-10-2020 22:47,22,47,28,80.6,38
1368,14-10-2020 22:48,22,48,40,89.6,32
1369,14-10-2020 22:49,22,49,40,71.6,34
1370,14-10-2020 22:50,22,50,32,91.4,40
1371,14-10-2020 22:51,22,51,33,82.4,26
1372,14-10-2020 22:52,22,52,37,78.8,46
1373,14-10-2020 22:53,22,53,32,71.6,31
1374,14-10-2020 22:54,22,54,35,73.4,22
1375,14-10-2020 22:55,22,55,26,102.2,39
1376,14-10-2020 22:56,22,56,39,96.8,33
1377,14-10-2020 22:57,22,57,36,102.2,39
1378,14-10-2020 22:58,22,58,32,75.2,46
1379,14-10-2020 22:59,22,59,38,91.4,42
1380,14-10-2020 23:00,23,0,31,77,36
1381,14-10-2020 23:01,23,1,33,73.4,40
1382,14-10-2020 23:02,23,2,32,87.8,32
1383,14-10-2020 23:03,23,3,22,75.2,27
1384,14-10-2020 23:04,23,4,38,80.6,39
1385,14-10-2020 23:05,23,5,32,102.2,46
1386,14-10-2020 23:06,23,6,32,80.6,25
1387,14-10-2020 23:07,23,7,24,87.8,37
1388,14-10-2020 23:08,23,8,23,77,46
1389,14-10-2020 23:09,23,9,23,100.4,38
1390,14-10-2020 23:10,23,10,30,82.4,24
1391,14-10-2020 23:11,23,11,28,100.4,31
1392,14-10-2020 23:12,23,12,40,84.2,33
1393,14-10-2020 23:13,23,13,29,80.6,49
1394,14-10-2020 23:14,23,14,24,93.2,24
1395,14-10-2020 23:15,23,15,24,91.4,39
1396,14-10-2020 23:16,23,16,32,100.4,38
1397,14-10-2020 23:17,23,17,38,93.2,40
1398,14-10-2020 23:18,23,18,26,96.8,43
1399,14-10-2020 23:19,23,19,25,84.2,24
1400,14-10-2020 23:20,23,20,40,96.8,46
1401,14-10-2020 23:21,23,21,22,68,33
1402,14-10-2020 23:22,23,22,23,73.4,21
1403,14-10-2020 23:23,23,23,28,91.4,25
1404,14-10-2020 23:24,23,24,20,68,48
1405,14-10-2020 23:25,23,25,27,102.2,42
1406,14-10-2020 23:26,23,26,36,75.2,24
1407,14-10-2020 23:27,23,27,34,98.6,30
1408,14-10-2020 23:28,23,28,32,96.8,46
1409,14-10-2020 23:29,23,29,27,100.4,30
1410,14-10-2020 23:30,23,30,30,78.8,25
1411,14-10-2020 23:31,23,31,36,89.6,49
1412,14-10-2020 23:32,23,32,34,78.8,32
1413,14-10-2020 23:33,23,33,28,102.2,28
1414,14-10-2020 23:34,23,34,35,86,41
1415,14-10-2020 23:35,23,35,36,80.6,48
1416,14-10-2020 23:36,23,36,35,68,39
1417,14-10-2020 23:37,23,37,22,75.2,23
1418,14-10-2020 23:38,23,38,38,87.8,39
1419,14-10-2020 23:39,23,39,37,77,36
1420,14-10-2020 23:40,23,40,37,73.4,22
1421,14-10-2020 23:41,23,41,27,87.8,36
1422,14-10-2020 23:42,23,42,29,87.8,27
1423,14-10-2020 23:43,23,43,23,71.6,47
1424,14-10-2020 23:44,23,44,31,86,32
1425,14-10-2020 23:45,23,45,35,89.6,30
1426,14-10-2020 23:46,23,46,35,86,31
1427,14-10-2020 23:47,23,47,27,77,45
1428,14-10-2020 23:48,23,48,38,69.8,35
1429,14-10-2020 23:49,23,49,31,93.2,30
1430,14-10-2020 23:50,23,50,39,102.2,26
1431,14-10-2020 23:51,23,51,24,82.4,40
1432,14-10-2020 23:52,23,52,25,95,27
1433,14-10-2020 23:53,23,53,27,69.8,40
1434,14-10-2020 23:54,23,54,23,96.8,39
1435,14-10-2020 23:55,23,55,36,77,47
1436,14-10-2020 23:56,23,56,23,84.2,40
1437,14-10-2020 23:57,23,57,32,104,27
1438,14-10-2020 23:58,23,58,40,75.2,31
1439,14-10-2020 23:59,23,59,37,80.6,39
1440,15-10-2020 00:00,0,0,32,71.6,29
1441,15-10-2020 00:01,0,1,,,
